,name
390,鬼吹灯之黄皮子坟
391,阿唐奇遇
392,龙之战
393,至爱梵高·星空之谜
394,阿拉丁
395,灾难艺术家
396,指甲刀人魔
397,底特律
398,硬汉枪神
399,王者
400,合法伴侣
401,爸，我一定行的
402,阿德尔曼夫妇
403,华盛顿邮报
404,半个喜剧
405,正义联盟
406,三个老枪手
407,猩球崛起3：终极之战
408,功夫瑜伽
409,白蛇：缘起
410,发财日记
411,灵魂摆渡·黄泉
412,抢红
413,热气球飞行家
414,秦明·生死语者
415,我的青春都是你
416,绑架者
417,芳华
418,绣春刀II：修罗战场
419,S4侠降魔记
420,凭空而来
421,二凤
422,白蛇2：青蛇劫起
423,敦刻尔克
424,夜空总有最大密度的蓝色
425,生死之墙
426,血观音
427,大闹天竺
428,缝纫机乐队
429,轻松+愉快
430,星河战队：火星叛国者
431,马斯顿教授与神奇女侠
432,嘉年华
433,守护者：世纪战元
434,毕业作品
435,愤怒的小鸟2
436,素人特工
437,肉与灵
438,路过未来
439,镰仓物语
440,盛夏未来
441,神奇乐园历险记
442,神探狗笨吉
443,动物世界
444,骨瘦如柴
445,柔情史
446,王牌保镖
447,21座桥
448,独自在夜晚的海边
449,丛林
450,比得兔
451,星际特工：千星之城
452,完美音调3
453,村戏
454,麻烦家族
455,21克拉
456,浴血无名川
457,哪吒之魔童降世
458,廉政风云
459,阳光姐妹淘
460,无爱可诉
461,银河护卫队2
462,巨鳄风暴
463,三块广告牌
464,铁雨
465,水怪2：黑木林
466,惊涛迷局
467,我，花样女王
468,“吃吃”的爱
469,勇敢者游戏：决战丛林
470,日常幻想指南
471,共助
472,俑之城
473,马柔本宅秘事
474,她不知道名字的那些鸟儿
475,好时光
476,人间·喜剧
477,与神同行：罪与罚
478,东北插班生
479,小猪佩奇过大年
480,舞出我人生之舞所不能
481,中国医生
482,追龙
483,心律失常
484,全职高手之巅峰荣耀
485,他们先杀了我父亲：一个柬埔寨女儿的回忆录
486,心理罪之城市之光
487,妖猫传
488,破·局
489,亚瑟王：斗兽争霸
490,忠爱无言
491,侠盗联盟
492,吹哨人
493,星游记之风暴法米拉
494,超越
495,养家之人
496,傲娇与偏见
497,极盗车神
498,决战食神
499,大病
500,戴夫造了个迷宫
501,啊，荒野 前篇
502,降魔传
503,哆啦A梦：大雄的月球探险记
504,峰爆
505,战狼2
506,河豚
507,苌山虎
508,暴雪将至
509,灰烬重生
510,24小时：末路重生
511,超大号美人
512,黄金花
513,欢乐喜剧人
514,杰罗德游戏
515,老师·好
516,十万个冷笑话2
517,春潮
518,明天会好的
519,合约男女
520,南汉山城
521,关原之战
522,豆福传
523,杀瓜
524,死于明日
525,金刚：骷髅岛
526,鬼魅浮生
527,雨天的妖怪
528,喵星人
529,王牌特工2：黄金圈
530,马戏之王
531,特警队
532,使徒行者2：谍影行动
533,红海行动
534,摩天轮
535,杀破狼·贪狼
536,前任3：再见前任
537,你好布拉德
538,明日之战
539,哥哥太爱我了怎么办
540,失眠
541,父子雄兵
542,二代妖精之今生有幸
543,夜色撩人
544,大世界
545,派对搭讪秘诀
546,五十度黑
547,缩小人生
548,在切瑟尔海滩上
549,爱情公寓
550,泡芙小姐
551,白狮奇缘
552,反贪风暴4
553,北方一片苍茫
554,天作谜案
555,异形：契约
556,跳舞吧！大象
557,中国飞侠
558,阿拉姜色
559,黑白迷宫
560,我的姐姐
561,3月的狮子 后篇
562,大卫贝肯之倒霉特工熊
563,中国机长
564,猪猪侠之英雄猪少年
565,美国刺客
566,母亲！
567,昨日奇迹
568,给19岁的我自己
569,宝贝儿
570,你好，李焕英
571,奇门遁甲
572,死亡笔记
573,通往春天的列车
574,大骚乱
575,精灵宝可梦：就决定是你了
576,刀剑神域：序列之争
577,爱在记忆消逝前
578,再见，克里斯托弗·罗宾
579,沙丘
580,刺杀小说家
581,七十七天
582,昆池岩
583,P与JK
584,血战湘江
585,双面情人
586,午夜凶铃3(美版)
587,哥斯拉：怪兽行星
588,完美受害人
589,2018江苏卫视跨年演唱会
590,我不是药神
591,家族之苦2
592,爸爸是女儿
593,缉枪
594,茉莉牌局
595,我的爸爸是森林之王
596,关于我妈的一切
597,拆弹专家2
598,目击者之追凶
599,悟空传
600,有完没完
601,荡寇风云
602,银翼杀手2049
603,困斗99号囚室
604,引爆者
605,一定要抓住
606,电力之战
607,小森林
608,妈妈的神奇小子
609,熊出没·奇幻空间
610,夏天19岁的肖像
611,普罗米亚
612,蝙蝠侠：煤气灯下的哥谭
613,阳台上
614,夏日友晴天
615,下一任：前任
616,人潮汹涌
617,公牛历险记
618,扫黑·决战
619,小丑回魂
620,神偷联盟
621,一锤定音
622,春娇救志明
623,陈翔六点半之民间高手
624,天使陷落
625,嫌疑人X的献身
626,生化危机：复仇
627,陈翔六点半之废话少说
628,啊，荒野 后篇
